,0,1,2,3
1249,0.097013,-1.597593,9.698546,0
1556,0.441136,-2.568911,26.032499,1
1617,0.237601,0.209253,10.061278,0
1567,-2.299793,-1.502965,-0.203239,1
1027,0.074163,-0.453261,9.983477,0
1347,0.0964,-1.622665,9.831683,0
781,0.95657,-0.57955,11.223548,1
874,0.318697,-2.403118,9.660029,0
620,0.463422,-1.171052,9.902007,0
1744,0.66329,0.163869,9.805989,0
745,-1.461622,0.880147,15.210105,1
1222,0.112537,-1.751225,10.084579,0
1476,-1.79092,2.271274,6.034825,0
1403,0.297379,0.420039,10.043198,0
976,0.087369,-0.404467,9.81367,0
493,-0.255289,-2.760764,12.219891,1
1301,0.09481,-1.618164,9.839441,0
277,0.46,-0.68,9.9,0
1824,0.367472,0.249945,9.981369,0
358,-0.213812,-0.951341,9.915912,0
1096,-1.961378,1.893737,6.646122,0
236,0.05,-0.58,10.13,0
551,-0.068503,-2.360721,9.648547,0
1881,0.368496,0.242006,9.973363,0
937,0.29351,-2.400292,9.660661,0
208,-0.11,-2.36,13.53,1
1844,0.379768,0.244486,9.976571,0
1540,5.228573,-1.601501,11.261654,1
58,0.35,-0.25,10.0,0
1564,-1.335285,1.531178,6.446465,1
1837,0.369205,0.250797,9.982778,0
1557,2.600812,-0.363239,-0.066674,1
363,-0.191632,-0.953429,9.896184,0
505,0.505837,-2.380353,9.518733,0
1265,0.098574,-1.62052,9.791835,0
1107,-0.671037,2.611681,12.413256,1
1583,-2.430938,0.79522,7.964005,1
1200,0.012881,-1.841754,11.044137,0
1613,0.223915,0.05929,10.118807,0
950,0.302301,-2.398578,9.661188,0
1455,0.659085,1.798764,9.980115,0
118,0.02,0.86,11.67,1
1232,0.071558,-1.588831,9.746575,0
744,0.428581,-2.260634,0.324558,1
522,-0.001178,-2.340361,9.586058,0
513,-0.064873,-2.2537,9.664396,0
81,0.37,-0.25,9.98,0
1835,0.389709,0.24577,9.923956,0
984,0.084487,-0.413373,10.020107,0
380,-0.718088,0.842117,9.7829,0
1001,0.090443,-0.439336,9.965597,0
1667,4.264734,1.435841,18.96295,1
84,0.36,-0.26,9.99,0
1657,2.626813,1.579646,23.974819,1
329,-0.178435,-0.980196,9.880467,0
6,0.37,-0.26,9.71,0
952,0.30459,-2.402859,9.65729,0
736,1.028769,-1.682549,0.081183,1
905,0.306266,-2.402131,9.672278,0
936,0.297283,-2.39718,9.662452,0
451,1.1558060000000001,-1.644127,6.481727,1
490,-0.5576,-2.54631,12.507204,1
1461,0.842816,2.773702,10.145737,0
287,-0.191105,-1.17224,10.327705,0
1745,0.500484,0.212816,9.881512,0
1960,0.359992,0.24802,9.960196,0
1676,2.705055,-1.115746,19.409266,1
741,0.695391,0.672014,8.279101,1
810,0.812812,-2.125285,9.415341,0
916,0.292141,-2.385621,9.671952,0
1680,-2.055547,0.922984,-0.084965,1
774,-0.615549,-0.273207,10.516589,1
849,0.330323,-2.395293,9.645492,0
1317,0.098813,-1.613615,9.819972,0
1090,0.506795,0.88166,11.496976,0
1630,0.107193,0.950757,9.892794,0
327,-0.189717,-0.979573,9.896357,0
1289,0.113198,-1.633478,9.847265,0
752,-1.212424,0.716355,1.093987,1
1384,0.154857,-1.697652,10.076313,0
1258,0.126213,-1.639415,9.876054,0
1374,0.104014,-1.605322,9.841356,0
177,1.46,-1.02,3.92,1
715,0.838651,0.044226,9.099058,0
1734,0.529138,0.172181,9.962991,0
86,0.36,-0.25,9.98,0
1389,0.140999,-1.673892,10.04768,0
1875,0.374606,0.2383,9.965165,0
457,1.226052,-3.304765,17.962317,1
1928,0.380065,0.249505,9.970136,0
54,0.36,-0.25,10.0,0
1961,0.388186,0.241297,9.970117,0
643,0.439288,-1.166369,9.887536,0
677,0.462512,-1.178302,9.910012,0
221,-0.2,-1.25,11.09,0
113,-0.5,-0.43,9.15,0
949,0.291939,-2.389117,9.674078,0
1211,0.034208,-1.32182,8.464623,0
966,0.304839,-2.425595,9.662136,0
174,-5.93,0.88,28.12,1
759,0.741187,-1.286759,12.575229,1
589,0.462608,-1.154886,9.847457,0
1572,-2.134182,2.090128,1.161801,1
18,0.37,-0.23,9.94,0
423,1.580202,-0.537201,7.169015,1
1324,0.0998,-1.623403,9.832106,0
285,-0.222709,-1.006245,10.442369,0
1563,-2.239239,-1.682281,10.681272,1
428,1.090329,-1.485066,8.248562,1
1490,-1.233119,2.006791,3.646331,1
1338,0.113744,-1.619783,9.820786,0
669,0.446298,-1.173925,9.89898,0
31,0.35,-0.27,9.98,0
1406,0.344162,0.451336,9.905024,0
1531,-4.027708,-0.132849,4.007846,1
214,1.26,-2.44,13.69,1
788,-1.277048,1.153459,7.811428,1
326,-0.197225,-0.931823,9.904755,0
560,0.440677,-1.142647,10.029359,0
1759,0.275793,0.289516,9.949527,0
700,0.260173,-0.064461,10.134933,0
727,0.250309,0.4259,9.264153,1
1173,-1.879295,-5.157321,14.582776,1
341,-0.080311,-0.940308,9.895925,0
629,0.437842,-1.174097,9.906967,0
147,-0.48,0.39,8.88,1
1181,0.613663,-4.749876,6.978198,0
360,-0.196966,-0.939916,9.910635,0
83,0.37,-0.26,10.0,0
48,0.38,-0.24,9.97,0
468,0.685642,-2.510531,15.912113,1
155,-0.55,-1.42,9.53,1
1299,0.098497,-1.612045,9.83358,0
1006,0.07015,-0.43292,9.934816,0
1543,-3.439702,-1.57505,11.062448,1
1383,0.145146,-1.754538,9.982882,0
1304,0.118896,-1.61962,9.83109,0
1610,0.344755,0.769736,9.594361,0
500,0.034793,-2.646953,9.416999,0
1004,0.078434,-0.441156,9.964802,0
179,2.23,4.24,24.7,1
1034,0.062402,-0.450426,9.951969,0
993,0.094006,-0.412511,9.90758,0
1446,0.292859,0.450436,9.988581,0
1164,0.846791,-1.248385,8.195333,1
1599,-0.028778,-1.191192,9.692265,0
528,0.001168,-2.310184,9.649926,0
346,-0.200012,-1.030129,9.909725,0
1368,0.129814,-1.628412,9.821849,0
1935,0.266254,0.283445,9.998511,0
1441,0.309551,0.470671,9.982778,0
1947,0.363785,0.26546,9.940199,0
1351,0.093537,-1.626171,9.819541,0
601,0.436109,-1.179767,9.964361,0
1036,0.063963,-0.456833,9.963576,0
243,0.69,-0.73,9.95,0
861,0.312903,-2.397525,9.661092,0
1054,0.081958,-0.470135,9.967646,0
1456,-0.128779,2.290571,9.498296,0
312,-0.188768,-0.859145,9.998703,0
435,1.524608,-1.720052,22.753813,1
1874,0.374578,0.24892,9.94494,0
1514,3.827984,1.342783,26.575247,1
308,-0.206486,-1.045299,9.895494,0
430,-0.193279,0.470566,10.496238,1
660,0.469206,-1.172967,9.893426,0
370,-0.191211,-0.942214,9.9207,0
566,0.453213,-1.051936,9.686347,0
1370,0.10907,-1.617867,9.842534,0
181,2.31,0.68,5.79,1
1085,-1.218629,-0.309867,11.220503,0
621,0.451566,-1.170659,9.904669,0
1067,0.074153,-0.485918,9.948952,0
1176,-1.699251,-3.30486,4.842551,1
1110,2.912661,-2.334347,20.193512,1
1818,0.358134,0.235877,10.002381,0
1558,2.825982,-0.661039,9.295814,1
296,-0.202253,-0.938594,9.522239,0
1660,2.074921,-1.311898,14.692124,1
461,0.289871,-2.010823,12.274909,1
1283,0.093403,-1.624131,9.806344,0
1161,0.405492,-3.600247,8.917003,1
377,-0.130944,-0.613174,9.796757,0
1189,-0.048095,-0.558749,10.91259,0
105,0.36,-0.26,9.98,0
126,0.46,-1.16,12.85,1
1116,1.480862,-0.595946,17.756655,1
1037,0.066348,-0.463604,9.969456,0
355,-0.195127,-0.950996,9.879491,0
1596,0.769094,-1.705103,9.180605,0
682,0.466228,-1.180131,9.890735,0
787,-1.638687,1.534913,10.821045,1
998,0.086392,-0.432383,9.986953,0
209,-1.01,-0.51,7.95,1
1707,-0.088758,0.474263,9.533673,0
140,1.67,-2.17,20.55,1
1418,0.314052,0.459179,9.880976,0
1320,0.11089,-1.622474,9.830688,0
1170,1.493436,-2.752594,7.099143,1
1554,0.678593,-0.725836,11.820959,1
1262,0.110287,-1.628986,9.853826,0
862,0.30233,-2.393675,9.651458,0
711,0.385964,-0.601079,9.971122,0
1247,0.107289,-1.632702,9.898885,0
1716,-0.181519,0.459735,10.063778,0
1820,0.40236,0.242667,9.935956,0
10,0.38,-0.36,10.08,0
1673,-2.356613,2.225966,3.064118,1
1431,0.279786,0.447045,9.988236,0
282,-0.187849,-0.801981,8.975402,0
1078,-0.482259,1.312243,10.152315,0
291,-0.165181,-0.703685,9.872022,0
754,1.320517,-0.32971,2.894782,1
626,0.455195,-1.169644,9.891999,0
1419,0.269932,0.463259,10.002811,0
832,0.306812,-2.387345,9.673063,0
129,-0.94,1.55,2.99,1
1160,-3.196269,-2.136404,13.621705,1
323,-0.181021,-0.986392,9.9051,0
1481,0.842002,0.425277,9.052238,1
915,0.325477,-2.393254,9.675304,0
930,0.292246,-2.388178,9.671838,0
1915,0.398433,0.240138,9.951509,0
836,0.315546,-2.38836,9.670497,0
843,0.315699,-2.395878,9.657501,0
695,0.445417,-1.173801,9.915366,0
215,1.13,-2.88,8.63,1
1029,0.082504,-0.452839,9.944949,0
1242,0.100384,-1.584808,9.685016,0
158,-5.99,-1.31,31.87,1
1592,0.203182,-2.015516,15.462559,0
1897,0.37225,0.24305,9.970117,0
634,0.455732,-1.17608,9.907887,0
516,0.228129,-2.197695,9.640962,0
1918,0.378226,0.236356,9.986876,0
597,0.469656,-1.164798,9.84714,0
195,-1.9,-7.52,20.26,1
1623,0.248336,0.368765,10.117867,0
1912,0.361036,0.257875,9.990956,0
410,2.084622,-0.575346,10.819407,1
96,0.37,-0.25,10.0,0
1420,0.279116,0.45576,10.090755,0
914,0.307913,-2.384108,9.659944,0
156,1.5,-3.32,13.82,1
419,1.217547,-1.987427,13.195939,1
1780,0.40191,0.145175,9.95736,0
477,1.258574,-7.957963,4.011035,1
1350,0.10524,-1.629484,9.827565,0
668,0.445111,-1.181682,9.895533,0
1068,0.092225,-0.485075,9.957332,0
1848,0.38177,0.250673,9.972252,0
1280,0.10659,-1.632223,9.84942,0
447,0.753072,-0.441136,21.32461,1
1023,0.096218,-0.442688,9.969676,0
178,0.81,-2.46,19.63,1
390,-0.266178,0.207022,10.307737,0
578,0.461602,-1.180361,10.024014,0
974,0.076203,-0.423659,10.044442,0
1954,0.401421,0.261744,9.990305,0
1268,0.10999,-1.620999,9.854582,0
1624,0.251209,0.340523,9.991492,0
1252,0.118934,-1.656606,9.921141,0
820,0.297839,-2.415893,9.675265,0
1486,0.471227,-0.674274,6.613838,1
1639,0.074402,1.165469,10.450614,0
1230,0.168772,-1.576113,9.590857,0
664,0.453127,-1.175065,9.896969,0
142,0.36,-1.27,17.38,1
1497,-1.889035,2.350972,2.356383,1
1719,0.460022,0.217489,9.898195,0
421,-1.525662,1.119079,7.430673,1
636,0.457781,-1.189363,9.900053,0
1387,0.099915,-1.507092,9.485693,0
799,0.419091,-1.510598,-8.73739,1
1053,0.066501,-0.468009,9.962149,0
615,0.462196,-1.171129,9.92071,0
294,-0.20751,-1.136393,10.124159,0
940,0.312395,-2.39719,9.662012,0
1192,0.104157,-1.111235,9.676415,0
1878,0.371111,0.237945,9.954238,0
88,0.35,-0.24,9.98,0
41,0.36,-0.26,10.0,0
1779,0.267365,0.289775,10.086915,0
1908,0.366562,0.26137,9.989452,0
131,-0.99,2.27,2.73,1
968,0.326368,-2.361487,9.644016,0
1588,0.004654,-1.03872,3.665025,1
1790,0.362961,0.251765,9.958308,0
1832,0.372519,0.232362,9.971151,0
1380,0.093211,-1.628871,9.774415,0
1741,0.585746,0.222929,10.406436,0
164,-2.41,2.74,3.18,1
724,-1.261007,1.379462,15.68837,1
290,-0.198202,-0.745631,9.393258,0
1526,0.111828,-2.475844,5.460667,1
1950,0.40167,0.256045,9.978181,0
1872,0.37429,0.256974,9.962637,0
985,0.068465,-0.433379,10.039117,0
1342,0.095184,-1.624504,9.829338,0
778,0.545572,1.407273,4.629668,1
839,0.311668,-2.402371,9.670545,0
348,-0.158333,-0.881143,9.975268,0
1919,0.389776,0.247627,9.96958,0
571,0.451882,-1.175831,9.99902,0
943,0.303269,-2.405292,9.661475,0
1863,0.379414,0.244218,9.952198,0
1449,0.309503,0.454266,9.946452,0
1571,0.903955,0.670654,14.566151,1
1298,0.098718,-1.619179,9.824607,0
1474,0.167441,1.778777,10.983936,0
458,0.013781,-0.594049,6.491073,1
375,-0.134573,-0.421284,10.250918,0
1323,0.11541,-1.614468,9.820594,0
333,-0.195319,-0.952931,9.888934,0
1144,0.592057,-0.003869,3.629121,1
1738,0.078827,0.381779,10.007601,0
1656,-0.595256,0.90066,7.095878,1
816,0.286356,-2.428937,9.73494,0
1100,0.357617,0.297982,8.788214,1
1225,0.104272,-1.480938,9.222014,0
1834,0.365729,0.238539,9.955694,0
942,0.29284,-2.384002,9.650711,0
910,0.30867,-2.390821,9.67654,0
1904,0.376704,0.255892,9.945878,0
1111,1.340121,-0.088681,1.14214,1
328,-0.195702,-0.988556,9.865845,0
1458,0.406315,0.749127,10.386948,0
318,-0.193404,-0.87555,9.9526,0
1510,-1.467023,4.861398,10.496639,1
1339,0.097224,-1.637988,9.832469,0
1710,1.185091,-0.158209,10.131103,0
167,0.9,-3.82,10.75,1
12,0.35,-0.14,9.83,0
1901,0.375708,0.234613,9.963902,0
171,-0.11,-1.62,12.32,1
649,0.452648,-1.166101,9.892707,0
1319,0.105163,-1.630509,9.835802,0
260,0.44,-0.69,10.05,0
1290,0.110555,-1.62052,9.84466,0
1898,0.382555,0.244486,9.961823,0
901,0.310882,-2.388159,9.666973,0
672,0.452322,-1.18196,9.91888,0
258,0.47,-0.7,9.98,0
844,0.311045,-2.397803,9.648643,0
867,0.309944,-2.389988,9.668687,0
1178,1.327345,-5.368567,16.823969,1
138,3.7,-3.45,19.75,1
893,0.307942,-2.392535,9.671474,0
1815,0.3761,0.242868,9.927423,0
549,-0.0645,-2.362493,9.661542,0
1828,0.358268,0.237524,9.98679,0
1507,-0.294247,0.844588,17.525433,1
1491,3.820657,0.138854,17.337984,1
1839,0.363842,0.258957,9.959707,0
558,0.452696,-0.959031,9.588281,0
139,-0.46,0.82,2.62,1
1712,0.864853,-0.003323,9.686069,0
531,-0.066176,-2.30916,9.686797,0
224,0.73,-2.49,9.61,0
723,-0.059156,0.022802,4.121733,1
786,0.880195,-0.638524,8.652339,1
1696,0.189094,-0.514524,9.178546,0
973,0.089313,-0.431454,10.137615,0
409,-0.016932,0.334384,5.236358,1
325,-0.196085,-0.912756,9.971266,0
1084,-0.42613,-1.084554,9.63309,0
299,-0.202798,-0.913723,10.150199,0
1263,0.123675,-1.636705,9.895638,0
1125,-1.224787,-0.984917,-0.668289,1
25,0.36,-0.25,10.09,0
1847,0.368946,0.253584,9.97277,0
714,-0.160651,-1.276042,12.600558,0
1929,0.386261,0.253038,9.970231,0
193,2.81,-4.26,15.24,1
440,0.841504,-1.604335,5.330431,1
573,0.455511,-1.111503,9.759341,0
946,0.297609,-2.393474,9.671396,0
503,0.644481,-3.553378,8.782784,0
605,0.461075,-1.166608,9.8802,0
1157,3.041364,-2.549078,34.227882,1
1729,0.198096,0.330333,9.895723,0
1764,0.451546,0.211753,9.965711,0
846,0.312721,-2.387919,9.665018,0
3,0.33,-0.17,10.2,0
1134,1.331061,-1.23129,4.980103,1
1206,0.138797,-1.573747,10.465927,0
467,2.285668,-0.434902,6.871129,1
321,-0.19506,-0.973425,9.880746,0
5,0.37,-0.37,10.03,0
222,-0.19,-1.31,10.46,0
1355,0.098191,-1.619486,9.830966,0
547,-0.054885,-2.372539,9.663285,0
228,1.23,-0.94,10.08,0
39,0.38,-0.26,10.01,0
542,-0.079861,-2.391836,9.665105,0
242,0.82,-0.77,9.7,0
898,0.308498,-2.388216,9.6564,0
1118,0.526303,0.763051,3.731746,1
136,3.61,2.14,14.75,1
1175,0.718826,-3.455082,0.089629,1
1733,0.688927,0.062508,9.984607,0
1552,0.219951,-0.71805,1.262817,1
999,0.063216,-0.419177,9.916717,0
829,0.318391,-2.394556,9.668199,0
445,-1.238846,-1.135742,12.757026,1
842,0.292265,-2.396251,9.664905,0
1073,0.074843,-0.496577,9.955742,0
1399,0.219634,0.440533,10.14474,0
1548,1.592508,-1.141115,8.926676,1
1802,0.347925,0.238769,9.984702,0
581,0.465816,-1.158535,9.801325,0
1742,0.491539,0.018598,10.278997,0
1944,0.375736,0.234479,9.948741,0
661,0.451891,-1.183511,9.898644,0
436,0.938824,-0.55874,2.025255,1
1833,0.372069,0.253546,9.969026,0
376,-0.826708,0.167182,10.394254,0
1457,0.36592,0.929008,9.276632,0
965,0.2856,-2.41324,9.693854,0
1777,0.605417,0.159751,9.836081,0
314,-0.191785,-0.989619,9.94334,0
1727,-0.043948,0.429759,10.021774,0
442,1.384059,-4.492614,12.837001,1
1970,0.371867,0.206284,10.290116,0
319,-0.199111,-0.894713,9.951777,0
281,-0.194792,-1.037858,9.645319,0
691,0.452552,-1.18807,9.901566,0
1316,0.117814,-1.621602,9.827183,0
1805,0.372624,0.256543,9.894651,0
424,1.508376,-2.299535,16.876862,1
553,-0.057729,-2.373075,9.651966,0
594,0.450196,-1.19237,9.948895,0
1938,0.375861,0.259666,9.911047,0
622,0.442458,-1.176597,9.913374,0
1412,0.359178,0.447448,9.880382,0
1050,0.07151,-0.480851,9.966918,0
227,1.03,-1.1,9.54,0
1103,0.567493,-1.114702,3.102206,1
1885,0.364905,0.245185,9.963298,0
1083,0.319454,-0.318697,9.226525,0
66,0.37,-0.26,9.98,0
24,0.38,-0.27,10.06,0
144,-0.23,-1.3,3.27,1
536,-0.053419,-2.349114,9.63307,0
811,-0.016558,-2.405301,9.880372,0
1105,-0.933777,3.211841,3.724592,1
85,0.36,-0.25,9.99,0
1315,0.10365,-1.624418,9.839595,0
1057,0.082638,-0.479539,9.955569,0
1782,0.393597,0.207663,9.915721,0
1882,0.387315,0.245224,9.960205,0
1353,0.101141,-1.612897,9.81933,0
1463,-0.681265,0.772954,9.878026,0
362,-0.208554,-0.972563,9.88131,0
1591,0.124259,-2.427357,8.265771,0
1137,-0.323189,-0.049005,-3.080485,1
1026,0.069154,-0.455396,9.987844,0
1030,0.07332,-0.445465,9.971419,0
1284,0.102299,-1.6185,9.823515,0
1336,0.09573,-1.61804,9.825421,0
1775,0.244391,0.890796,10.021276,0
665,0.455741,-1.162241,9.900743,0
364,-0.179431,-0.942339,9.901125,0
77,0.36,-0.25,10.0,0
27,0.36,-0.24,9.9,0
1417,0.34375,0.450014,9.885381,0
525,-0.106791,-2.405665,9.698576,0
1812,0.373285,0.243845,9.991301,0
55,0.35,-0.25,10.0,0
638,0.456469,-1.175888,9.89853,0
302,-0.188816,-1.06813,9.749879,0
718,0.314225,-1.656012,11.264518,0
624,0.45666,-1.171263,9.896078,0
7,0.36,-0.13,9.77,0
803,-1.971481,-2.283954,8.224313,0
1049,0.069097,-0.477691,9.95736,0
336,-0.203775,-0.94955,9.934079,0
47,0.35,-0.24,9.95,0
1460,0.539691,2.523441,9.668964,0
106,-0.18,0.64,10.05,0
349,-0.210086,-0.88777,9.896021,0
238,0.4,-0.82,10.3,0
213,2.13,-4.25,13.48,1
1235,0.083155,-1.663099,10.170397,0
1867,0.378236,0.238405,9.946529,0
793,0.338712,0.359006,1.574245,1
1165,-6.755594,-0.263065,40.901615,1
1562,-2.646139,1.798745,0.318668,1
1651,0.508136,1.821873,11.46995,1
523,-0.040931,-2.257665,9.691556,0
232,0.23,-0.47,9.77,0
644,0.441338,-1.186499,9.913451,0
1488,0.726286,-0.156705,8.972414,1
533,-0.064892,-2.388465,9.612949,0
1489,2.37704,-1.639214,17.056705,1
603,0.448472,-1.161504,9.896777,0
1193,-0.389336,-1.680806,11.400154,0
1074,0.064203,-0.485831,9.948761,0
1285,0.110976,-1.627214,9.838934,0
60,0.37,-0.25,9.99,0
1244,0.103372,-1.59178,9.755816,0
92,0.36,-0.24,9.97,0
666,0.45055,-1.178943,9.904775,0
280,-0.20661,-1.206706,10.51114,0
1740,0.471686,0.265268,9.481508,0
359,-0.188807,-0.936095,9.902141,0
1114,1.000422,-2.597556,6.000616,1
1686,1.02265,2.085867,2.702077,1
847,0.306161,-2.389538,9.663572,0
1358,0.103573,-1.634292,9.817663,0
110,0.51,0.09,9.62,0
42,0.35,-0.24,10.0,0
125,-1.15,1.03,11.37,1
204,-2.25,-0.3,3.44,1
52,0.36,-0.25,9.99,0
545,-0.049627,-2.361755,9.662749,0
68,0.36,-0.26,9.99,0
1121,-1.935176,-0.326674,7.210272,1
1604,-0.057901,-0.740957,10.295709,0
183,0.68,-3.07,9.66,1
137,0.25,0.22,4.66,1
899,0.306266,-2.403147,9.658593,0
796,-0.862468,-10.182521,7.349165,1
132,-0.23,0.75,6.41,1
80,0.36,-0.24,9.99,0
1864,0.389221,0.247896,9.959267,0
541,-0.058198,-2.349727,9.66161,0
1575,-2.79116,0.240215,3.678825,1
983,0.078281,-0.419723,9.938341,0
165,-2.29,-3.67,25.33,1
248,0.21,-0.6,9.75,0
446,1.608348,-1.630451,3.777169,1
1133,1.016674,-1.27247,10.761305,1
858,0.325975,-2.394441,9.666503,0
1566,2.232143,1.696943,7.9553,1
97,0.37,-0.25,9.95,0
1948,0.376962,0.257836,9.95261,0
737,1.876594,-2.152464,17.262674,1
1303,0.099551,-1.612964,9.826015,0
102,0.36,-0.25,9.98,0
434,1.525796,-1.950269,5.859943,1
74,0.35,-0.25,9.98,0
1769,0.351277,0.24983,9.960349,0
1185,0.035425,-4.226513,9.026639,0
918,0.323428,-2.397458,9.660633,0
1690,3.583976,-4.234931,13.447608,0
1650,0.457273,1.690192,7.638087,1
1600,0.89048,-0.500829,10.207114,0
762,0.996812,0.575911,4.816042,1
989,0.08327,-0.429165,9.963336,0
388,0.124958,-0.782167,9.926341,0
235,-0.03,-0.45,9.78,0
1487,0.007843,0.315307,7.365695,1
267,0.47,-0.71,10.02,0
1666,0.059185,0.722436,7.846019,1
117,0.68,1.28,8.85,1
1586,3.222902,-2.277911,9.039557,1
673,0.448118,-1.176338,9.897754,0
249,0.2,-0.57,9.74,0
1433,0.332286,0.452169,9.911325,0
1969,0.394497,0.220927,9.841472,0
94,0.37,-0.25,9.98,0
33,0.35,-0.24,9.94,0
1444,0.322537,0.454458,9.950695,0
1647,0.859116,0.224116,4.434904,1
448,-0.456153,0.806348,3.615704,1
716,-0.27586,1.448923,12.12394,0
1245,0.113543,-1.642892,9.941626,0
1498,-0.066693,2.010986,10.491411,1
0,0.35,-0.3,9.88,0
1356,0.107567,-1.628785,9.824119,0
1101,4.936844,-1.672302,14.028481,1
1108,0.037168,-1.75494,10.994251,1
82,0.36,-0.26,10.0,0
1269,0.110143,-1.625816,9.854946,0
676,0.458451,-1.175122,9.897592,0
1432,0.31434,0.458164,9.905512,0
1046,0.071405,-0.471782,9.965195,0
770,0.196363,-2.902405,2.757393,1
1523,-0.22427,1.412646,9.927346,1
1261,0.099101,-1.611729,9.801383,0
1560,-1.350876,1.717476,4.096834,1
1469,-0.541904,2.676401,6.668714,0
404,-0.097913,0.425057,9.28707,0
1932,0.543206,0.138031,9.799707,0
1542,-4.641543,-1.37567,14.165016,1
1655,0.032408,-0.173264,8.391438,1
104,0.36,-0.25,9.99,0
688,0.453146,-1.180188,9.887995,0
1286,0.098957,-1.627665,9.829242,0
826,0.285829,-2.371486,9.671645,0
62,0.36,-0.25,9.99,0
852,0.303307,-2.395629,9.656045,0
1334,0.098268,-1.621985,9.836022,0
223,-0.29,-0.88,9.69,0
145,-1.65,3.54,18.26,1
1088,0.37136,0.091008,9.529402,0
373,-0.323074,0.314416,10.33507,0
1401,0.364014,0.475086,9.803529,0
1142,-0.099101,-1.241968,6.526488,1
1804,0.396671,0.245607,9.963825,0
1475,0.377211,0.619466,10.912906,0
1581,0.809384,0.165947,6.081052,1
1251,0.099551,-1.638515,9.931043,0
9,0.36,-0.33,10.17,0
449,-0.469714,-0.18783,0.928634,1
708,0.685709,-0.607562,10.239521,0
255,0.6,-0.77,9.84,0
882,0.306611,-2.386665,9.667451,0
389,2.151114,-0.265977,9.093389,0
908,0.29578,-2.385621,9.668419,0
924,0.302177,-2.398205,9.65073,0
1682,1.050777,1.942569,7.534792,1
1811,0.378715,0.245712,9.952198,0
460,0.225926,2.187247,11.09113,1
1622,0.256409,0.312913,10.032663,0
1168,-1.077199,-4.013257,2.376504,1
958,0.33356,-2.075294,8.990735,0
501,-0.191325,-2.073934,9.936474,0
739,0.098047,-0.215382,1.44085,1
1827,0.367472,0.246536,9.990909,0
868,0.302857,-2.389212,9.669175,0
731,1.065152,-2.513021,11.129916,1
539,-0.056666,-2.344661,9.652407,0
1201,0.428514,-2.06791,10.225616,0
697,0.453902,-1.16928,9.898319,0
1472,0.010697,1.144649,8.059361,0
1357,0.103506,-1.619974,9.828083,0
1145,-1.395676,-2.746868,23.826904,1
1031,0.078654,-0.466448,9.974138,0
372,0.724581,0.812056,10.212496,0
667,0.463996,-1.16839,9.904851,0
1506,-1.373898,1.036517,4.048911,1
357,-0.195932,-0.973645,9.88224,0
967,0.286471,-2.360367,9.702081,0
783,-0.499833,1.27361,7.686019,1
735,-0.260527,0.428476,13.198315,1
1035,0.078578,-0.460194,9.946471,0
970,0.091095,-0.43765,9.671494,0
1505,3.329358,1.575145,24.824692,1
1467,-0.126759,1.696311,8.902781,0
1794,0.372844,0.236844,9.952313,0
1471,0.064605,1.529991,10.421759,0
1672,2.559402,-2.7837,17.039688,1
1694,-1.310835,-0.662045,10.279783,0
1236,0.184047,-1.598743,9.658468,0
885,0.309848,-2.397707,9.65164,0
79,0.35,-0.25,10.0,0
1172,-0.249945,-0.83075,1.405214,1
814,0.27608,-2.329884,9.623341,0
1771,0.366706,0.247589,9.987547,0
671,0.456546,-1.175103,9.899459,0
1512,-0.417759,1.376762,2.534368,1
57,0.35,-0.25,10.01,0
133,-0.02,-2.87,16.96,1
1140,1.33312,-0.739329,-0.164328,1
933,0.307913,-2.391625,9.649074,0
1783,0.287553,0.322901,9.785907,0
823,0.327297,-2.378946,9.662098,0
1214,0.180389,-1.815887,10.311186,0
504,-0.979861,-2.550505,9.917062,0
1752,0.484902,0.188395,9.996232,0
347,-0.175907,-0.935625,9.930258,0
386,-0.901513,0.285839,9.623369,0
1024,0.076988,-0.463489,9.95963,0
894,0.315039,-2.375393,9.656027,0
828,0.299419,-2.400092,9.661676,0
1869,0.377843,0.246009,9.955723,0
475,-1.518345,1.102817,9.427514,1
1895,0.382124,0.257798,9.988801,0
1428,0.3218,0.461114,9.912119,0
1502,-0.744242,1.590765,4.488525,1
652,0.462368,-1.16838,9.885525,0
172,1.04,-1.1,3.59,1
1149,0.183693,-1.894656,14.588877,1
38,0.36,-0.22,9.96,0
713,-0.548512,0.479032,9.174916,0
90,0.36,-0.26,10.02,0
1911,0.392525,0.262625,9.983945,0
1205,0.035319,-1.337382,8.716292,0
875,0.328772,-2.393005,9.661475,0
1953,0.391356,0.26115,9.957111,0
1866,0.386673,0.255471,9.966908,0
1093,0.38743,0.529827,10.617902,0
1155,2.082419,-0.358479,9.784595,1
1344,0.092062,-1.620712,9.838598,0
1933,0.507312,0.367883,10.047497,0
499,-0.190329,-2.31436,10.045055,0
338,-0.193614,-0.943028,9.914073,0
1188,-0.591732,-1.822093,9.500364,0
28,0.36,-0.26,9.93,0
1217,0.149025,-1.529349,9.505373,0
1889,0.370134,0.256371,9.956412,0
1798,0.351124,0.23286,9.99831,0
945,0.302206,-2.405713,9.661188,0
169,6.54,-2.9,9.31,1
1385,0.078061,-1.61826,9.992871,0
1197,0.43381,-1.112949,7.869195,0
1253,0.096343,-1.625251,9.828007,0
1379,0.086957,-1.610896,9.829203,0
912,0.314636,-2.402553,9.662462,0
491,0.411611,-1.789244,7.871953,1
953,0.308172,-2.394767,9.666666,0
1097,3.22996,0.611977,11.821687,0
1032,0.075532,-0.462675,9.97999,0
587,0.46255,-1.175974,9.917243,0
750,0.603684,-0.764047,10.38168,1
657,0.451355,-1.177928,9.904065,0
234,-0.16,-0.32,9.51,0
732,-1.453146,0.457455,10.739058,1
1963,0.360346,0.175409,9.467009,0
1612,0.253316,0.103803,10.241121,0
1156,5.151824,-2.017268,-9.967771,1
1450,0.291499,0.447467,9.983027,0
1405,0.249141,0.487345,9.988141,0
1607,0.165277,0.445111,10.289341,0
934,0.298212,-2.391424,9.664052,0
1209,0.073856,-1.755218,10.452778,0
1065,0.073512,-0.497017,9.944135,0
108,0.02,1.56,10.73,0
1838,0.368381,0.235455,9.995151,0
568,0.45193,-1.201822,9.95715,0
1167,-2.030044,-1.253642,6.830782,1
1174,0.682405,-2.344211,9.014658,1
890,0.316217,-2.399344,9.648107,0
947,0.291183,-2.389136,9.67472,0
1048,0.064452,-0.469896,9.966392,0
1333,0.100375,-1.606854,9.837276,0
1352,0.092665,-1.630068,9.827288,0
1427,0.319166,0.468315,9.871657,0
884,0.311802,-2.39446,9.675726,0
1652,0.93892,0.560329,9.118557,1
850,0.311409,-2.399038,9.658286,0
734,1.533697,-2.087763,3.514458,1
717,-0.26544,0.306228,9.897716,0
454,0.958246,-2.793257,13.218665,1
264,0.46,-0.7,9.87,0
75,0.35,-0.24,9.98,0
1637,0.351526,2.192112,10.135537,0
444,1.066761,-0.495973,10.246254,1
395,-0.187064,-1.160125,8.243113,0
176,-1.82,-1.76,-1.55,1
1042,0.081412,-0.470346,9.970921,0
1713,0.329921,0.240426,9.788646,0
1743,0.51936,0.141871,9.890351,0
1361,0.11767,-1.620262,9.846729,0
595,0.459198,-1.172651,9.90669,0
61,0.36,-0.25,10.0,0
1296,0.10997,-1.632137,9.834596,0
872,0.299802,-2.39334,9.669405,0
1470,0.629771,1.588553,11.895917,0
1855,0.377116,0.244869,9.96008,0
278,0.46,-0.69,9.9,0
36,0.37,-0.27,10.01,0
1619,0.283368,0.434988,10.004851,0
662,0.452428,-1.170152,9.912924,0
1784,0.452102,0.179421,9.922912,0
1425,0.261552,0.438254,10.089262,0
977,0.083864,-0.422308,9.902505,0
1551,-2.235351,0.720751,4.495899,1
738,0.804816,0.868387,9.640684,1
191,-4.15,-2.04,20.62,1
919,0.298337,-2.401787,9.668706,0
456,1.882092,-0.216196,12.813758,1
675,0.457407,-1.166139,9.896931,0
760,-1.141469,-0.737089,11.872645,1
1785,0.399908,0.26658,10.003732,0
1582,1.100184,-2.115574,9.967914,1
728,0.200318,-1.569888,9.878983,1
412,0.54379,0.798016,9.012062,1
1098,-0.304926,0.368219,1.323773,1
825,0.321417,-2.401193,9.65503,0
1477,1.983941,1.363584,8.984175,0
616,0.464092,-1.16838,9.92749,0
114,0.45,0.24,9.78,0
417,-0.479463,-0.244994,7.59594,1
1886,0.36999,0.258555,9.98002,0
969,0.114309,-0.417261,9.820326,0
604,0.44648,-1.176836,9.875718,0
1893,0.382737,0.250979,9.956182,0
89,0.37,-0.25,10.01,0
848,0.306199,-2.406527,9.66682,0
1521,-2.871328,1.18716,4.043165,1
1892,0.402532,0.250156,9.969331,0
753,-1.871203,-3.107003,16.789722,1
498,-0.068675,-2.393991,9.23478,0
1276,0.11383,-1.618883,9.820211,0
1325,0.118523,-1.612418,9.822835,0
11,0.37,-0.24,9.84,0
396,0.142158,-1.757497,10.830056,0
284,-0.154723,-0.746129,9.769176,0
1066,0.081259,-0.481273,9.965856,0
1191,-0.049158,-0.680461,8.536267,0
1860,0.378581,0.240933,9.964734,0
690,0.449114,-1.177095,9.89718,0
1611,0.260106,0.348605,9.967531,0
1852,0.380985,0.240675,9.980478,0
689,0.457321,-1.167049,9.881186,0
851,0.304887,-2.394594,9.66793,0
159,-1.0,0.76,-0.77,1
895,0.311466,-2.394115,9.675879,0
1555,-2.157664,1.628977,6.523807,1
257,0.5,-0.71,9.86,0
335,-0.181586,-0.969039,9.89491,0
1856,0.360184,0.251621,9.962857,0
1039,0.060133,-0.459744,9.956211,0
515,-0.172871,-2.378639,9.831492,0
1348,0.118369,-1.608808,9.812359,0
1015,0.105738,-0.455281,10.006308,0
768,-0.277229,-1.25257,9.540089,1
1968,0.452064,0.341921,9.509405,0
761,3.438141,-0.666105,12.43014,1
1246,0.110804,-1.658329,10.006796,0
1203,-0.09709,-1.463039,9.484851,0
1448,0.337161,0.453491,9.950188,0
1958,0.38516,0.242111,9.967655,0
521,-0.092522,-2.349468,9.670372,0
22,0.39,-0.21,9.89,0
356,-0.200519,-0.984821,9.875718,0
1277,0.093728,-1.626764,9.785266,0
1312,0.105489,-1.622943,9.821714,0
1662,5.168133,0.384269,12.948867,1
340,-0.035061,-1.351881,9.620209,0
431,0.186288,-0.891275,7.452202,1
473,-0.353806,-0.151869,2.57166,1
217,0.37,-2.24,9.83,1
911,0.299888,-2.387077,9.664157,0
1227,0.152338,-1.720981,10.276192,0
1576,4.099956,-0.732923,12.934579,1
1011,0.080953,-0.450512,9.93995,0
1924,0.383034,0.234124,9.96009,0
93,0.36,-0.24,9.95,0
1008,0.063571,-0.450512,10.046051,0
1070,0.078156,-0.493359,9.964361,0
1092,-0.087599,0.277651,10.012264,0
1565,-2.853821,1.582931,3.731766,1
1308,0.118254,-1.621947,9.824856,0
696,0.468689,-1.161322,9.892065,0
1770,0.36683,0.251267,9.966861,0
996,0.087513,-0.443377,10.035124,0
153,0.19,-4.21,22.67,1
1099,-0.037244,-0.520758,14.895862,1
1697,-0.489011,0.224997,9.469163,0
1972,0.375775,0.277431,9.880535,0
789,1.885156,-3.686649,16.035282,1
580,0.456795,-1.163458,9.849238,0
703,0.684119,-0.947826,9.778571,0
1212,0.030914,-1.392774,8.799208,0
1295,0.128655,-1.624303,9.821925,0
1645,0.671794,2.379559,9.254682,0
1260,0.114835,-1.60039,9.748346,0
487,1.317433,-2.163563,11.36111,1
559,0.434184,-1.016329,9.808422,0
1141,-0.593092,0.897778,15.862247,1
1119,-1.907298,3.901342,8.18252,1
801,-0.638668,0.983251,1.964165,0
512,-0.122612,-2.41982,9.672661,0
633,0.461094,-1.182535,9.887527,0
1973,0.374309,0.316303,9.609434,0
1765,0.406219,0.221847,9.967952,0
1525,-3.737866,2.897022,34.447773,1
1150,2.19103,-1.286759,13.63403,1
790,0.540639,0.744003,8.576835,1
116,0.45,0.19,9.73,0
740,0.709728,-2.512906,15.277764,1
1669,-0.789502,1.453836,5.198808,1
1081,0.02375,-0.102893,10.295872,0
830,0.304428,-2.390352,9.659225,0
119,-0.3,1.24,9.83,1
656,0.454736,-1.181184,9.914973,0
1883,0.376215,0.248403,9.9558,0
635,0.452677,-1.161485,9.908002,0
369,-0.178301,-0.933767,9.89805,0
268,0.47,-0.7,9.97,0
655,0.435927,-1.171837,9.909102,0
935,0.291575,-2.398607,9.66681,0
822,0.302608,-2.379999,9.696172,0
866,0.308823,-2.392842,9.659704,0
46,0.37,-0.25,10.01,0
1373,0.102845,-1.64044,9.822251,0
1956,0.380218,0.234105,9.957398,0
991,0.118676,-0.44196,10.026122,0
876,0.300195,-2.387958,9.661581,0
773,-0.775559,0.876833,7.041299,1
1219,0.084132,-1.486656,9.281429,0
1974,0.3675,0.266752,9.853261,0
4,0.35,-0.28,10.33,0
1003,0.092742,-0.43675,10.027865,0
1701,1.097617,-2.016694,7.447289,0
263,0.45,-0.67,9.84,0
1549,2.13852,-0.242772,7.91071,1
1808,0.372394,0.248183,9.997516,0
443,-2.030781,1.715723,3.711626,1
1002,0.077888,-0.434931,10.025787,0
1077,0.636915,2.348482,11.381766,0
837,0.308718,-2.392736,9.672508,0
1768,0.36729,0.258382,9.960261,0
304,-0.19325,-0.838536,9.791911,0
1365,0.107758,-1.612035,9.840494,0
1537,1.381608,-1.488025,-2.543619,1
313,-0.198987,-0.934706,9.987901,0
149,1.32,0.16,1.98,1
1148,2.319072,-0.293165,6.14808,1
1213,-0.153459,-1.552621,10.064458,0
574,0.452198,-1.137763,9.754131,0
50,0.37,-0.24,10.01,0
1532,-1.625165,1.230476,2.359036,1
726,1.040137,-2.839638,16.601892,1
833,0.315154,-2.379147,9.666983,0
1377,0.107653,-1.623125,9.838311,0
1115,1.024757,-0.911233,18.641619,1
1166,-0.797681,-2.986345,-5.3635,1
470,0.042301,0.041688,9.042152,1
971,0.101361,-0.451068,9.823361,0
653,0.453232,-1.174662,9.91144,0
399,0.043871,-1.639166,10.639094,0
511,-0.031354,-2.475585,9.508342,0
320,-0.191986,-0.953783,9.926064,0
19,0.37,-0.33,10.04,0
684,0.449918,-1.180294,9.887995,0
35,0.38,-0.27,10.05,0
902,0.32768,-2.377768,9.653355,0
827,0.30279,-2.403434,9.66408,0
1774,0.495274,0.246239,10.012341,0
407,-0.723097,1.651549,7.065998,0
920,0.295684,-2.393608,9.665871,0
537,-0.06041,-2.35689,9.659245,0
758,1.265881,-2.856474,13.828431,1
1880,0.380027,0.252828,9.95694,0
1062,0.068043,-0.474109,9.957351,0
1199,0.201582,-1.529397,10.113491,0
245,0.5,-0.74,10.21,0
1416,0.306515,0.439422,9.991847,0
1127,-0.87328,-0.062106,1.772791,1
784,-2.059291,-3.583268,11.199818,1
1720,0.80992,0.01856,10.037154,0
489,0.597775,-2.461508,8.50792,1
154,-2.06,0.17,3.72,1
961,0.343836,-2.454718,9.783963,0
853,0.313928,-2.408768,9.663084,0
1311,0.11202,-1.627981,9.838455,0
625,0.448415,-1.183214,9.910712,0
685,0.455387,-1.178302,9.905818,0
1541,-0.27473,-0.752814,0.611853,1
569,0.438244,-1.267739,10.085325,0
1884,0.369847,0.240464,9.953577,0
17,0.37,-0.16,9.89,0
127,-3.98,2.62,5.46,1
1346,0.108419,-1.619132,9.826302,0
1279,0.112164,-1.626171,9.841165,0
1943,0.370393,0.249284,9.947362,0
927,0.314292,-2.400666,9.665393,0
980,0.091181,-0.439432,9.98794,0
1939,0.363689,0.246775,9.960827,0
190,-2.17,-0.84,4.25,1
1139,-2.426935,1.707698,7.884604,1
992,0.092885,-0.419541,9.985162,0
1930,0.22765,0.414331,10.069332,0
1717,-0.165478,0.443713,9.901719,0
606,0.47026,-1.183971,9.917856,0
180,-1.97,-5.13,15.32,1
301,-0.204733,-1.112662,9.984549,0
496,-0.130666,-2.30803,9.715297,0
1674,3.985436,0.674811,9.617355,1
1688,1.340159,-2.15505,26.822662,1
1641,0.797327,1.144668,10.363608,0
1618,0.253383,0.239669,10.113328,0
517,-0.203517,-2.534885,9.754667,0
1959,0.357971,0.253211,9.944738,0
1069,0.078788,-0.482556,9.97047,0
476,0.972841,-1.030666,3.901974,1
157,-0.3,-0.37,3.7,1
1243,0.090146,-1.562686,9.636815,0
1195,-0.360892,-1.999159,10.770058,0
16,0.35,-0.21,9.94,0
1535,-1.294641,0.096017,-1.228139,1
1072,0.072918,-0.500388,9.944767,0
1946,0.405147,0.238453,9.980863,0
546,-0.053419,-2.377107,9.662347,0
1539,8.464107,-1.256391,20.155741,1
658,0.438532,-1.167777,9.879251,0
1605,0.626859,0.017708,9.985909,0
1019,0.085253,-0.449535,9.978784,0
1642,0.274692,-0.177698,9.820623,0
1504,1.675912,-2.573834,0.573,1
959,0.199083,-2.324521,9.593269,0
1858,0.376359,0.24123,9.954133,0
283,-0.222105,-0.647603,9.1031,0
797,0.466908,-21.94327,-6.85256,1
1606,0.24894,0.261868,9.673006,0
225,0.95,-1.89,10.24,0
26,0.36,-0.24,9.97,0
1862,0.371925,0.234105,9.938848,0
437,0.432805,-2.63818,12.081285,1
1923,0.392151,0.241374,9.97727,0
1388,0.07853,-1.609545,9.767405,0
229,0.91,-0.94,10.48,0
37,0.38,-0.24,9.93,0
749,-0.806664,-2.023388,11.089512,1
1045,0.075379,-0.477346,9.963442,0
1398,0.35416,0.418708,10.187693,0
469,-1.735729,1.726526,6.888434,1
1671,-0.109721,1.054943,4.717679,1
1942,0.375047,0.244592,9.957926,0
687,0.459323,-1.167959,9.891424,0
1821,0.380381,0.259579,9.945198,0
639,0.45464,-1.166407,9.917186,0
1691,-0.067497,-5.085437,11.396889,0
1218,0.028501,-1.408739,9.002352,0
1158,1.574925,-2.475097,7.673368,1
1415,0.235407,0.45169,10.080173,0
1527,0.856349,0.641349,11.986063,1
1635,-0.020667,1.933509,10.272735,0
1300,0.105096,-1.623891,9.838866,0
1800,0.381262,0.242638,9.940659,0
800,3.34084,3.899676,34.895634,1
1603,0.510722,-0.385141,9.742686,0
160,0.31,-2.13,12.55,1
956,0.303029,-2.391396,9.679039,0
1186,-0.57322,-2.978415,10.839461,0
821,0.322882,-2.411632,9.64257,0
1703,0.043881,-1.73753,12.258207,0
877,0.294583,-2.396864,9.673542,0
913,0.305998,-2.39356,9.656898,0
152,0.33,-0.92,-0.38,1
1814,0.38766,0.251707,9.970969,0
1754,0.508337,0.193241,9.964093,0
509,0.05386,-2.414131,9.461857,0
1135,-2.568366,3.123092,24.020346,1
1250,0.108716,-1.631467,9.806641,0
1761,0.36185,0.2392,9.97636,0
103,0.36,-0.25,9.94,0
1445,0.298911,0.459524,9.995888,0
1443,0.308842,0.453845,9.928831,0
586,0.460558,-1.1935,9.989213,0
1746,0.305098,0.276415,9.992594,0
1143,2.565081,-3.801504,15.643752,1
53,0.36,-0.25,9.98,0
151,0.02,3.08,7.02,1
403,-0.109051,-0.385122,11.602943,0
1917,0.360107,0.248039,9.967693,0
207,0.85,-1.46,6.27,1
1871,0.373515,0.242466,9.956882,0
1122,-3.345993,0.884083,13.795218,1
1728,-0.008638,0.39173,9.964505,0
8,0.35,-0.18,10.06,0
1014,0.07219,-0.442889,9.9886,0
1773,0.396125,0.242466,9.958203,0
1060,0.078942,-0.469369,9.949728,0
452,0.849731,-3.620847,12.610548,1
253,0.51,-0.72,10.09,0
1327,0.098766,-1.618586,9.812751,0
896,0.297446,-2.396941,9.672068,0
1711,1.250013,-0.170831,9.893665,0
880,0.303058,-2.399249,9.672689,0
1595,0.452265,-0.9104,10.07458,0
1865,0.367223,0.246124,9.969427,0
623,0.448913,-1.16928,9.895092,0
345,-0.176357,-1.031882,9.789364,0
1681,0.688266,1.488312,16.110439,1
262,0.44,-0.69,9.89,0
1634,0.37476,0.581954,10.027826,0
1321,0.098411,-1.623364,9.828649,0
1438,0.310595,0.448357,9.922118,0
150,-1.62,-1.42,3.81,1
472,1.898171,-4.601301,20.764864,1
640,0.438828,-1.1781,9.905243,0
1957,0.371743,0.264205,9.946731,0
1859,0.376177,0.249964,9.957705,0
550,-0.077371,-2.384922,9.646852,0
928,0.299352,-2.391118,9.648767,0
488,1.267126,-2.583928,10.354971,1
1789,0.410395,0.225304,9.924024,0
1171,1.796207,-1.848008,15.410241,1
146,-2.67,1.12,5.92,1
1683,-0.861577,-0.380975,8.38235,1
1903,0.367462,0.257348,9.957179,0
402,-0.554181,-0.476025,7.562986,0
954,0.28854,-2.404928,9.669481,0
1854,0.38223,0.239123,9.985057,0
659,0.459601,-1.186327,9.89805,0
1372,0.106341,-1.61465,9.847179,0
463,1.174595,-4.615169,19.902126,1
1349,0.119729,-1.631888,9.81571,0
186,-0.4,0.05,-3.95,1
1147,2.655859,-2.922851,16.76849,1
1224,0.124585,-1.483036,9.208052,0
608,0.443952,-1.176262,9.937593,0
143,-1.15,-0.56,10.78,1
751,-1.317261,-0.896198,6.076896,1
1534,-4.900567,0.318505,10.257708,1
981,0.096199,-0.424099,9.888734,0
197,3.19,-4.43,10.96,1
1633,0.354304,-0.365997,10.185288,0
883,0.284383,-2.38541,9.663534,0
279,-0.193413,-1.238674,10.936014,0
293,-0.177659,-1.097186,10.36811,0
1801,0.383302,0.230887,9.940409,0
400,0.413191,-0.376934,10.570936,0
122,-0.07,0.15,12.84,1
1207,0.362655,-1.915553,10.844115,0
202,0.02,-0.07,-1.63,1
1462,0.575968,2.049695,11.459885,0
835,0.310643,-2.405503,9.651391,0
246,0.37,-0.72,10.09,0
1439,0.283512,0.440217,9.977817,0
1731,0.744281,0.071098,9.967866,0
1877,0.371791,0.240799,9.96303,0
1857,0.371503,0.251209,9.972894,0
1153,-4.938807,-2.328409,-0.431675,1
1661,-2.226905,2.481456,3.590527,1
1426,0.289785,0.44015,9.999221,0
384,-0.095969,-0.566267,10.538289,0
1736,0.189707,0.330141,9.955579,0
854,0.319128,-2.391443,9.659283,0
1589,0.220085,-2.136777,17.991888,1
219,-0.27,-2.54,9.59,0
641,0.445829,-1.158976,9.901182,0
1,0.39,-0.3,9.53,0
112,0.21,-0.7,8.97,0
698,0.213151,-1.228417,9.849306,0
1890,0.3571,0.24486,9.968901,0
951,0.305921,-2.390352,9.675735,0
1648,2.163247,-1.382067,20.900997,1
1636,0.06586,1.872898,9.156873,0
1726,0.000268,0.409399,10.031513,0
1410,0.254303,0.462905,10.039424,0
1409,0.254111,0.462225,10.015377,0
1533,0.410452,0.98599,17.935127,1
1291,0.106465,-1.615435,9.839403,0
1786,0.330725,0.233981,9.998378,0
441,0.167403,-3.1623,7.795434,1
1520,-4.950577,5.159648,24.165674,1
1136,-2.966483,-1.034104,2.610752,1
1715,-0.098469,0.408365,10.176545,0
1256,0.103391,-1.634311,9.832603,0
1841,0.387066,0.249754,9.951825,0
1631,0.37906,0.206026,9.639066,0
1695,-0.130273,-0.402571,8.110693,0
1397,0.285676,0.449554,9.861209,0
663,0.444632,-1.173686,9.904151,0
1813,0.360624,0.237543,9.993867,0
1257,0.088059,-1.644184,9.913193,0
1816,0.363066,0.244774,9.935601,0
1700,0.908552,-1.1118,10.64282,0
317,-0.202961,-0.955085,9.907015,0
648,0.440313,-1.159445,9.902285,0
1434,0.295885,0.448099,9.9981,0
1479,0.465174,-0.616564,18.881163,1
709,0.902729,-0.295406,9.687984,0
1382,0.132438,-1.687769,9.818353,0
1282,0.108093,-1.622704,9.814724,0
972,0.091353,-0.421897,10.080403,0
627,0.444852,-1.177622,9.89086,0
632,0.455655,-1.187457,9.904103,0
1306,0.098775,-1.61374,9.825919,0
1400,0.259129,0.483351,9.912981,0
1408,0.320651,0.440188,9.950417,0
1248,0.092905,-1.619572,9.718351,0
1927,0.393147,0.246526,9.965098,0
1254,0.105393,-1.601979,9.722182,0
1496,0.81853,2.649376,16.100269,1
1371,0.113083,-1.623364,9.814541,0
1529,-1.152933,-0.360998,8.624844,1
1663,0.007202,0.336539,0.156102,1
1354,0.113217,-1.618212,9.830191,0
1900,0.385581,0.24396,9.981627,0
1876,0.370996,0.23942,9.973066,0
1643,-0.599144,0.634904,8.834479,0
1826,0.37725,0.252263,9.957303,0
795,-0.188529,-1.160671,5.47507,1
645,0.442583,-1.177583,9.92228,0
1012,0.095174,-0.441644,9.934999,0
1817,0.376627,0.242341,9.991942,0
556,-0.064806,-2.371074,9.651247,0
681,0.448501,-1.182831,9.905406,0
577,0.459562,-1.210872,10.044116,0
1109,-2.265537,2.64159,5.003757,1
1266,0.115831,-1.60673,9.797169,0
1722,0.904051,-0.046131,10.008308,0
1183,-0.821144,-4.87607,5.956611,0
524,-0.026106,-2.412302,9.620687,0
1059,0.081652,-0.484826,9.958721,0
540,-0.059606,-2.352658,9.656831,0
1194,0.946993,-2.268554,9.962637,0
1678,-0.257166,-1.684139,9.186974,1
748,0.370048,-0.254456,7.536746,1
1829,0.385763,0.24643,9.981484,0
1430,0.283665,0.436942,10.060914,0
484,1.001571,-3.060872,4.852156,1
1757,0.325554,0.259761,9.971448,0
95,0.36,-0.26,10.01,0
1020,0.088614,-0.454601,9.988964,0
563,0.437718,-1.284403,10.011556,0
1264,0.11088,-1.640909,9.854247,0
742,-1.534654,-0.5146,7.016993,1
863,0.303795,-2.39423,9.67202,0
1598,-0.851369,-1.53771,9.124082,0
1714,0.030569,0.374989,10.095899,0
1484,-0.518144,1.160939,12.457597,1
891,0.313947,-2.392277,9.673447,0
1577,-1.036728,-1.203785,-3.911876,1
1038,0.084458,-0.470078,9.96891,0
206,-1.32,-1.22,10.77,1
392,1.387976,-0.104138,9.393401,0
794,-0.221138,-3.518059,20.629141,1
870,0.295751,-2.396883,9.66814,0
397,-0.068331,-0.587537,10.629222,0
766,0.81876,-1.41323,9.04857,1
1819,0.374846,0.247101,9.943005,0
1241,0.116693,-1.635661,9.940295,0
1028,0.077821,-0.449305,9.975268,0
1792,0.367194,0.244898,9.998904,0
642,0.445657,-1.16159,9.911459,0
1868,0.375842,0.252655,9.956354,0
612,0.447256,-1.171847,9.880343,0
1762,0.423304,0.226645,9.986752,0
960,0.328868,-2.372817,9.731224,0
1570,-0.076107,2.283532,15.906176,1
725,0.261179,0.19349,1.263775,1
683,0.461229,-1.17041,9.904239,0
98,0.35,-0.24,9.95,0
804,-1.276521,-3.907529,7.169935,0
1751,0.405118,0.235139,9.961478,0
1597,0.183128,-1.475776,11.183747,0
406,0.233387,-2.611796,11.327131,0
502,0.280304,-2.632913,9.19021,0
1071,0.07695,-0.482824,9.970117,0
1056,0.086536,-0.484376,9.952562,0
929,0.304466,-2.390457,9.644937,0
779,1.561211,-2.876241,4.361383,1
200,2.6,-1.89,13.86,1
134,-0.19,1.79,4.2,1
1051,0.07717,-0.474809,9.950063,0
40,0.37,-0.27,10.06,0
1017,0.083366,-0.447984,9.969532,0
230,0.76,-0.85,10.51,0
1513,1.393952,-0.902394,2.283618,1
1796,0.385926,0.239315,9.954287,0
378,0.001283,-0.434097,9.842937,0
288,-0.189305,-1.070955,9.713314,0
418,-0.584367,-0.026126,7.182146,1
1698,-0.714851,-4.469792,12.942547,0
391,-1.135091,-0.640257,11.570928,0
592,0.447582,-1.192044,9.978324,0
1522,1.095242,0.065429,3.396836,1
1162,-2.566144,-0.438129,5.346329,1
1086,0.516726,0.10388,9.194596,0
1495,0.648599,-0.916357,7.930458,1
647,0.438867,-1.179729,9.902629,0
1152,-4.200627,-2.930915,17.782425,1
1367,0.100078,-1.62573,9.82973,0
520,-0.036574,-2.297016,9.515861,0
64,0.38,-0.26,9.99,0
1836,0.396767,0.259646,9.953376,0
14,0.37,-0.31,10.09,0
1180,1.565817,-5.125794,11.840658,0
1064,0.078463,-0.487594,9.969111,0
492,-0.22743,-2.266677,8.713285,1
379,-0.504152,0.542871,9.426547,0
187,-0.34,0.65,5.98,1
763,0.59992,0.822274,15.312835,1
216,1.44,-2.43,10.53,1
791,0.065879,-2.937427,5.851218,1
1076,0.072889,-0.492162,9.952849,0
878,0.31637,-2.387622,9.679662,0
337,-0.191967,-0.952557,9.936426,0
1772,0.389565,0.240359,9.96413,0
719,0.111838,-0.585832,9.864494,0
1748,0.180446,0.335983,10.030374,0
295,-0.166205,-1.091143,9.737026,0
1725,0.121463,0.347801,9.971601,0
1016,0.083835,-0.445705,9.985774,0
1275,0.102769,-1.620108,9.846528,0
1750,0.297053,0.280514,9.888427,0
1485,-0.091391,2.555868,11.557329,1
455,0.901905,0.936976,12.112698,1
1971,0.362176,0.206572,10.260792,0
815,0.344602,-2.328792,9.619692,0
269,0.45,-0.71,9.92,0
995,0.077208,-0.433801,9.97071,0
201,1.62,-1.42,13.54,1
161,3.86,0.52,18.18,1
1579,2.441387,0.384087,3.274195,1
729,0.785336,-0.811692,15.596567,1
401,-0.716508,-1.974987,10.332992,0
702,0.402532,-0.608185,9.962455,0
1500,-4.407687,1.926518,1.796973,1
1845,0.367759,0.226185,9.952783,0
1795,0.372653,0.246229,9.936914,0
1129,2.031691,0.673747,12.957879,1
565,0.462531,-1.054837,9.69737,0
1413,0.33945,0.449717,9.891827,0
1021,0.093154,-0.448683,9.975633,0
1025,0.087618,-0.456402,9.982538,0
1411,0.301353,0.449976,9.962014,0
1585,-0.805802,-1.955546,15.804605,1
1104,-1.27927,-3.760535,21.518156,1
205,-4.55,-2.47,18.28,1
34,0.35,-0.25,10.04,0
775,1.038442,-4.231081,11.005063,1
508,-0.247082,-2.232612,9.970242,0
1451,0.288329,0.456603,9.997956,0
1478,1.101371,1.281932,4.84438,0
1945,0.39647,0.254283,9.954162,0
1390,0.11382,-1.69272,10.048283,0
91,0.39,-0.26,10.0,0
1363,0.117699,-1.613127,9.801775,0
897,0.304217,-2.390735,9.658708,0
564,0.446557,-1.165459,9.825133,0
1369,0.099809,-1.619208,9.817904,0
776,-0.153746,1.013686,5.773474,1
241,0.89,-0.82,9.61,0
13,0.37,-0.2,9.96,0
315,-0.193643,-1.025676,9.850924,0
600,0.461516,-1.183741,9.952879,0
387,-2.451538,-0.479903,9.830123,0
1297,0.106513,-1.631189,9.826446,0
166,-2.75,-5.01,13.72,1
840,0.296144,-2.38337,9.668649,0
20,0.37,-0.29,10.1,0
646,0.449832,-1.172508,9.916774,0
1842,0.370182,0.244113,9.980516,0
1508,-1.599892,2.539836,5.35037,1
1154,-1.798677,1.139918,0.902796,1
1528,0.142503,2.261515,12.36789,1
831,0.312079,-2.395571,9.664588,0
1267,0.097434,-1.623566,9.8105,0
1590,1.849933,-0.282545,4.557267,0
1899,0.372404,0.246938,9.952572,0
562,0.47139,-1.351431,10.123987,0
1926,0.390035,0.242762,9.95896,0
686,0.47862,-1.169472,9.896777,0
957,0.267653,-2.380555,9.315283,0
189,-5.18,1.25,15.94,1
1806,0.374003,0.257674,9.934434,0
975,0.086048,-0.403739,9.846738,0
699,1.539002,-0.547487,9.71319,0
1499,-0.878366,1.821738,14.659343,1
1705,-0.034065,-1.178397,9.476863,0
510,-0.228043,-2.46869,9.675821,0
1082,0.332085,-0.39015,10.205678,0
474,0.260365,0.265814,16.016855,1
1584,0.92285,-0.980837,4.360052,1
856,0.315968,-2.398071,9.659053,0
747,1.998814,-3.01476,21.624804,1
252,0.42,-0.68,10.13,0
21,0.35,-0.23,9.95,0
1337,0.098938,-1.628986,9.841702,0
459,0.86696,-4.915306,11.346572,1
1184,0.516448,-4.925543,7.278201,0
276,0.46,-0.71,9.94,0
955,0.30098,-2.393847,9.667384,0
1215,0.194198,-1.836113,10.335711,0
385,-0.943478,-0.336232,10.304587,0
805,3.349086,-3.063448,12.004394,0
1437,0.292514,0.453136,9.938676,0
1515,1.721776,-0.738381,2.743621,1
343,-0.180954,-0.835845,9.917167,0
769,-0.567407,-3.142457,11.882586,1
1332,0.109856,-1.622675,9.830353,0
1685,-1.350387,-1.910161,25.119286,1
130,-0.57,-2.31,19.85,1
1687,0.458748,0.0,4.562812,1
871,0.304945,-2.401691,9.664032,0
1123,-2.582204,-0.01653,0.23896,1
1396,0.343798,0.505454,9.627516,0
87,0.36,-0.24,9.96,0
1482,-0.049991,0.838679,10.76276,1
330,-0.186652,-0.939705,9.931015,0
1238,0.077639,-1.591598,9.730084,0
466,-1.68864,0.894598,13.414243,1
121,-1.48,1.04,10.19,1
1638,-0.029525,2.575127,10.609311,0
1044,0.079918,-0.466592,9.961182,0
1724,0.349735,0.24802,9.863106,0
1095,0.397878,-1.329002,10.927672,0
1130,-0.675203,-1.356143,3.941689,1
1294,0.109233,-1.633267,9.810873,0
860,0.314474,-2.398789,9.669511,0
1459,0.302742,1.738133,11.023585,0
1126,4.253711,-1.075926,15.378236,1
